CHROM,POS,ANN
NW_025577149.1,1531404,ANN=T|missense_variant|MODERATE|LOC123790950|LOC123790950|transcript|XM_045795559.1|protein_coding|2/6|c.106G>T|p.Val36Leu|218/1262|106/798|36/265||
NW_025577149.1,1531423,ANN=T|missense_variant|MODERATE|LOC123790950|LOC123790950|transcript|XM_045795559.1|protein_coding|2/6|c.125A>T|p.Glu42Val|237/1262|125/798|42/265||
NW_025577149.1,1531451,ANN=C|synonymous_variant|LOW|LOC123790950|LOC123790950|transcript|XM_045795559.1|protein_coding|2/6|c.153G>C|p.Arg51Arg|265/1262|153/798|51/265||
NW_025577149.1,1531454,ANN=A|synonymous_variant|LOW|LOC123790950|LOC123790950|transcript|XM_045795559.1|protein_coding|2/6|c.156G>A|p.Val52Val|268/1262|156/798|52/265||
NW_025577149.1,1531458,ANN=C|missense_variant|MODERATE|LOC123790950|LOC123790950|transcript|XM_045795559.1|protein_coding|2/6|c.160G>C|p.Gly54Arg|272/1262|160/798|54/265||
NW_025577149.1,1531459,ANN=T|missense_variant|MODERATE|LOC123790950|LOC123790950|transcript|XM_045795559.1|protein_coding|2/6|c.161G>T|p.Gly54Val|273/1262|161/798|54/265||
NW_025577149.1,1531464,ANN=G|missense_variant|MODERATE|LOC123790950|LOC123790950|transcript|XM_045795559.1|protein_coding|2/6|c.166A>G|p.Thr56Ala|278/1262|166/798|56/265||
NW_025577149.1,1531465,ANN=A|missense_variant|MODERATE|LOC123790950|LOC123790950|transcript|XM_045795559.1|protein_coding|2/6|c.167C>A|p.Thr56Asn|279/1262|167/798|56/265||
NW_025577149.1,1531470,ANN=T|missense_variant|MODERATE|LOC123790950|LOC123790950|transcript|XM_045795559.1|protein_coding|2/6|c.172C>T|p.His58Tyr|284/1262|172/798|58/265||
NW_025577149.1,1531471,ANN=C|missense_variant|MODERATE|LOC123790950|LOC123790950|transcript|XM_045795559.1|protein_coding|2/6|c.173A>C|p.His58Pro|285/1262|173/798|58/265||
NW_025577149.1,1531492,ANN=A|missense_variant|MODERATE|LOC123790950|LOC123790950|transcript|XM_045795559.1|protein_coding|2/6|c.194T>A|p.Phe65Tyr|306/1262|194/798|65/265||
NW_025577149.1,1531501,ANN=A|missense_variant|MODERATE|LOC123790950|LOC123790950|transcript|XM_045795559.1|protein_coding|2/6|c.203T>A|p.Phe68Tyr|315/1262|203/798|68/265||
NW_025577149.1,1531506,ANN=G|missense_variant|MODERATE|LOC123790950|LOC123790950|transcript|XM_045795559.1|protein_coding|2/6|c.208A>G|p.Ser70Gly|320/1262|208/798|70/265||
NW_025577149.1,1531507,ANN=A|missense_variant|MODERATE|LOC123790950|LOC123790950|transcript|XM_045795559.1|protein_coding|2/6|c.209G>A|p.Ser70Asn|321/1262|209/798|70/265||
NW_025577149.1,1531514,ANN=T|synonymous_variant|LOW|LOC123790950|LOC123790950|transcript|XM_045795559.1|protein_coding|2/6|c.216G>T|p.Val72Val|328/1262|216/798|72/265||
NW_025577149.1,1531521,ANN=T|missense_variant|MODERATE|LOC123790950|LOC123790950|transcript|XM_045795559.1|protein_coding|2/6|c.223C>T|p.His75Tyr|335/1262|223/798|75/265||
NW_025577149.1,1531525,ANN=A|missense_variant|MODERATE|LOC123790950|LOC123790950|transcript|XM_045795559.1|protein_coding|2/6|c.227G>A|p.Arg76Gln|339/1262|227/798|76/265||
NW_025577149.1,1531527,ANN=C|missense_variant|MODERATE|LOC123790950|LOC123790950|transcript|XM_045795559.1|protein_coding|2/6|c.229G>C|p.Ala77Pro|341/1262|229/798|77/265||
NW_025577149.1,1531535,ANN=C|synonymous_variant|LOW|LOC123790950|LOC123790950|transcript|XM_045795559.1|protein_coding|2/6|c.237G>C|p.Thr79Thr|349/1262|237/798|79/265||
NW_025577149.1,1531550,ANN=G|synonymous_variant|LOW|LOC123790950|LOC123790950|transcript|XM_045795559.1|protein_coding|2/6|c.252C>G|p.Pro84Pro|364/1262|252/798|84/265||
NW_025577149.1,1531556,ANN=C|synonymous_variant|LOW|LOC123790950|LOC123790950|transcript|XM_045795559.1|protein_coding|2/6|c.258T>C|p.Ala86Ala|370/1262|258/798|86/265||
NW_025577149.1,1531560,ANN=G|missense_variant|MODERATE|LOC123790950|LOC123790950|transcript|XM_045795559.1|protein_coding|2/6|c.262T>G|p.Tyr88Asp|374/1262|262/798|88/265||
NW_025577149.1,1531561,ANN=C|missense_variant|MODERATE|LOC123790950|LOC123790950|transcript|XM_045795559.1|protein_coding|2/6|c.263A>C|p.Tyr88Ser|375/1262|263/798|88/265||
NW_025577149.1,1531564,ANN=G|missense_variant|MODERATE|LOC123790950|LOC123790950|transcript|XM_045795559.1|protein_coding|2/6|c.266T>G|p.Leu89Trp|378/1262|266/798|89/265||
NW_025577149.1,1531565,ANN=C|missense_variant|MODERATE|LOC123790950|LOC123790950|transcript|XM_045795559.1|protein_coding|2/6|c.267G>C|p.Leu89Phe|379/1262|267/798|89/265||
NW_025577149.1,1531574,ANN=T|missense_variant|MODERATE|LOC123790950|LOC123790950|transcript|XM_045795559.1|protein_coding|2/6|c.276G>T|p.Gln92His|388/1262|276/798|92/265||
NW_025577149.1,1531591,ANN=G|missense_variant|MODERATE|LOC123790950|LOC123790950|transcript|XM_045795559.1|protein_coding|2/6|c.293A>G|p.Gln98Arg|405/1262|293/798|98/265||
NW_025577149.1,1531603,ANN=A|missense_variant|MODERATE|LOC123790950|LOC123790950|transcript|XM_045795559.1|protein_coding|2/6|c.305C>A|p.Ala102Glu|417/1262|305/798|102/265||
NW_025577149.1,1531612,ANN=A|missense_variant|MODERATE|LOC123790950|LOC123790950|transcript|XM_045795559.1|protein_coding|2/6|c.314C>A|p.Thr105Lys|426/1262|314/798|105/265||
NW_025577149.1,1531646,ANN=T|missense_variant|MODERATE|LOC123790950|LOC123790950|transcript|XM_045795559.1|protein_coding|2/6|c.348G>T|p.Arg116Ser|460/1262|348/798|116/265||
